Count,correct,Holistic,Analytic,Mixed,AH-H,AH-A,A+M,speech,Aspeech
5,0.333333333,0.805555556,0.194444444,0,0.805555556,0.194444444,0.194444444,270,154
5,0.666666667,0.684210526,0.289473684,0.026315789,0.702702703,0.297297297,0.315789473,326,184
5,0.5,0.685714286,0.314285714,0,0.685714286,0.314285714,0.314285714,261,160
5,0.666666667,0.609756098,0.341463415,0.048780488,0.641025641,0.358974359,0.390243903,286,158
5,0.666666667,0.434782609,0.456521739,0.108695652,0.487804878,0.512195122,0.565217391,305,159
5,1,0.388888889,0.472222222,0.138888889,0.451612903,0.548387097,0.611111111,296,166
5,0.333333333,0.666666667,0.238095238,0.095238095,0.736842105,0.263157895,0.333333333,318,174
5,1,0.641791045,0.343283582,0.014925373,0.651515152,0.348484848,0.358208955,395,299
5,0.5,0.738095238,0.261904762,0,0.738095238,0.261904762,0.261904762,270,166
10,1,0.540540541,0.378378378,0.081081081,0.588235295,0.411764705,0.459459459,372,250
10,1,0.69047619,0.214285714,0.095238095,0.763157895,0.236842105,0.309523809,468,316
10,0.666666667,0.738095238,0.238095238,0.023809524,0.756097561,0.243902439,0.261904762,416,294
10,0.666666667,0.380952381,0.19047619,0.428571429,0.666666667,0.333333333,0.619047619,235,114
10,0.166666667,0.4,0.44,0.16,0.476190476,0.523809524,0.6,239,114
10,0.333333333,0.32,0.32,0.36,0.5,0.5,0.68,295,138
10,0.333333333,0.545454545,0.333333333,0.121212121,0.620689655,0.379310345,0.454545454,323,173
10,0.666666667,0.458333333,0.416666667,0.125,0.523809523,0.476190477,0.541666667,279,147
10,0.333333333,0.58974359,0.307692308,0.102564103,0.657142857,0.342857143,0.410256411,338,213
15,1,0.333333333,0.433333333,0.233333333,0.434782609,0.565217391,0.666666666,384,237
15,0.666666667,0.538461538,0.192307692,0.269230769,0.736842105,0.263157895,0.461538461,335,188
15,0.666666667,0.571428571,0.314285714,0.114285714,0.64516129,0.35483871,0.428571428,428,245
15,0.5,0.413793103,0.310344828,0.275862069,0.571428571,0.428571429,0.586206897,341,161
15,1,0.227272727,0.409090909,0.363636364,0.357142857,0.642857143,0.772727273,302,143
15,0.666666667,0.392857143,0.25,0.357142857,0.611111111,0.388888889,0.607142857,352,165
15,1,0.411764706,0.323529412,0.264705882,0.56,0.44,0.588235294,463,318
15,0.666666667,0.4,0.4,0.2,0.5,0.5,0.6,371,224
15,1,0.4,0.425,0.175,0.484848485,0.515151515,0.6,599,387
20,1,0.419354839,0.258064516,0.322580645,0.619047619,0.380952381,0.580645161,455,252
20,0.666666667,0.481481481,0.259259259,0.259259259,0.65,0.35,0.518518518,381,217
20,1,0.541666667,0.208333333,0.25,0.722222223,0.277777777,0.458333333,355,210
20,0.666666667,0.35,0.3,0.35,0.538461538,0.461538462,0.65,337,183
20,1,0.5,0.384615385,0.115384615,0.565217391,0.434782609,0.5,322,184
20,0.666666667,0.454545455,0.227272727,0.318181818,0.666666667,0.333333333,0.545454545,338,179
20,0.333333333,0.384615385,0.461538462,0.153846154,0.454545455,0.545454545,0.615384616,368,217
20,0.5,0.583333333,0.375,0.041666667,0.608695652,0.391304348,0.416666667,357,200
20,0.166666667,0.392857143,0.464285714,0.142857143,0.458333334,0.541666666,0.607142857,472,340
25,1,0.4,0.333333333,0.266666667,0.545454546,0.454545454,0.6,543,316
25,1,0.387096774,0.451612903,0.161290323,0.461538462,0.538461538,0.612903226,545,314
25,1,0.37037037,0.481481481,0.148148148,0.434782609,0.565217391,0.629629629,510,268
25,0.666666667,0.3,0.5,0.2,0.375,0.625,0.7,426,245
25,1,0.470588235,0.264705882,0.264705882,0.64,0.36,0.529411764,519,394
25,1,0.421052632,0.236842105,0.342105263,0.64,0.36,0.578947368,645,466
25,1,0.5,0.416666667,0.083333333,0.545454545,0.454545455,0.5,397,245
25,0.666666667,0.3,0.5,0.2,0.375,0.625,0.7,427,233
25,1,0.3,0.5,0.2,0.375,0.625,0.7,440,230
30,1,0.416666667,0.333333333,0.25,0.555555556,0.444444444,0.583333333,419,225
30,1,0.461538462,0.423076923,0.115384615,0.521739131,0.478260869,0.538461538,492,265
30,1,0.416666667,0.416666667,0.166666667,0.5,0.5,0.583333334,467,253
30,1,0.541666667,0.291666667,0.166666667,0.65,0.35,0.458333334,450,235
30,1,0.434782609,0.304347826,0.260869565,0.588235294,0.411764706,0.565217391,476,277
30,1,0.35483871,0.387096774,0.258064516,0.47826087,0.52173913,0.64516129,816,499
30,1,0.37037037,0.296296296,0.333333333,0.555555556,0.444444444,0.629629629,632,381
30,1,0.5,0.125,0.375,0.8,0.2,0.5,463,265
30,1,0.5,0.291666667,0.208333333,0.631578947,0.368421053,0.5,459,274
human,1,0.474576271,0.4068,0.1186,0.538449113,0.461550887,0.5254,1151,236
human,1,0.656565657,0.3434,0.0000,0.656588206,0.343411794,0.3434,2580,782
human,1,0.661290323,0.3387,0.0000,0.661296722,0.338703278,0.3387,914,334
human,0.333333333,0.794117647,0.1176,0.0882,0.871012697,0.128987303,0.2058,399,187
human,1,0.451612903,0.3548,0.1935,0.560026881,0.439973119,0.5483,1654,541
human,0.666666667,0.557142857,0.4143,0.0286,0.573520978,0.426479022,0.4429,3529,1287
human,1,0.738317757,0.2430,0.0187,0.752373787,0.247626213,0.2617,2158,962
human,1,0.65625,0.2813,0.0625,0.699962669,0.300037331,0.3438,1630,727
human,0.666666667,0.531914894,0.4574,0.0106,0.537659846,0.462340154,0.468,1432,568
human,0.666666667,0.581395349,0.3488,0.0698,0.625025001,0.374974999,0.4186,1297,536
human,1,0.592920354,0.3274,0.0796,0.644254309,0.355745691,0.407,2570,940
human,0.666666667,0.581818182,0.4182,0.0000,0.581807604,0.418192396,0.4182,2680,1116
human,1,0.584415584,0.3506,0.0649,0.625032988,0.374967012,0.4155,2156,949
human,1,0.550724638,0.2899,0.1594,0.655137398,0.344862602,0.4493,1886,647
human,1,0.887323944,0.0986,0.0141,0.899992286,0.100007714,0.1127,1361,579
human,1,0.854545455,0.0909,0.0545,0.903854845,0.096145155,0.1454,1050,524
human,1,0.568627451,0.3529,0.0784,0.617048847,0.382951153,0.4313,1222,556
human,1,0.707865169,0.2809,0.0112,0.715908278,0.284091722,0.2921,1681,710
human,0,0.65060241,0.3253,0.0241,0.66666749,0.33333251,0.3494,1616,369
human,0,0.671875,0.2969,0.0313,0.69353049,0.30646951,0.3282,2014,603
human,1,0.652173913,0.3217,0.0261,0.669669764,0.330330236,0.3478,3077,1354
human,0.666666667,0.650793651,0.3175,0.0317,0.672103602,0.327896398,0.3492,1939,821
human,1,0.592592593,0.3704,0.0370,0.615365681,0.384634319,0.4074,910,301
human,1,0.538461538,0.3590,0.1026,0.599982857,0.400017143,0.4616,1676,641
human,0,0.488888889,0.5111,0.0000,0.488894321,0.511105679,0.5111,1705,457
human,0.666666667,0.602409639,0.2530,0.1446,0.704235271,0.295764729,0.3976,2382,977
human,1,0.707692308,0.2769,0.0154,0.718766846,0.281233154,0.2923,2621,1086
human,0.333333333,0.53125,0.4531,0.0156,0.539696246,0.460303754,0.4687,1555,573
